tema,etiqueta_emergente,posicion,expresion,peso
0,ropa · deportiva · ropa deportiva · dama,1,ropa,2.957529622808976
0,ropa · deportiva · ropa deportiva · dama,2,deportiva,0.3852828817899291
0,ropa · deportiva · ropa deportiva · dama,3,ropa deportiva,0.36827351475353465
0,ropa · deportiva · ropa deportiva · dama,4,dama,0.3542776148606944
0,ropa · deportiva · ropa deportiva · dama,5,venta ropa,0.3369344642546626
0,ropa · deportiva · ropa deportiva · dama,6,confeccion,0.3230291754671382
0,ropa · deportiva · ropa deportiva · dama,7,ropa calzado,0.2652382744395033
0,ropa · deportiva · ropa deportiva · dama,8,ropa dama,0.25427605391025243
0,ropa · deportiva · ropa deportiva · dama,9,vendo,0.2199817803318409
0,ropa · deportiva · ropa deportiva · dama,10,caballero,0.19493314735809206
0,ropa · deportiva · ropa deportiva · dama,11,confeccion ropa,0.17808702815487293
0,ropa · deportiva · ropa deportiva · dama,12,zapatos,0.15834496608857446
1,venta · accesorios · mayor · servicio,1,venta,2.6187691314284947
1,venta · accesorios · mayor · servicio,2,accesorios,0.5245730056271145
1,venta · accesorios · mayor · servicio,3,mayor,0.33032659978715295
1,venta · accesorios · mayor · servicio,4,servicio,0.3135198585462499
1,venta · accesorios · mayor · servicio,5,venta ropa,0.3101892235724697
1,venta · accesorios · mayor · servicio,6,celulares,0.27148007769021415
1,venta · accesorios · mayor · servicio,7,detal,0.2696908623232376
1,venta · accesorios · mayor · servicio,8,repuestos,0.2605809450429533
1,venta · accesorios · mayor · servicio,9,reparacion,0.23068207801018553
1,venta · accesorios · mayor · servicio,10,mayor detal,0.21008642337938135
1,venta · accesorios · mayor · servicio,11,mantenimiento,0.197123586627839
1,venta · accesorios · mayor · servicio,12,venta repuestos,0.17849631923162282
2,comidas · rapidas · comidas rapidas · almuerzos,1,comidas,1.363355165159889
2,comidas · rapidas · comidas rapidas · almuerzos,2,rapidas,1.1192999241281638
2,comidas · rapidas · comidas rapidas · almuerzos,3,comidas rapidas,1.1043616576275481
2,comidas · rapidas · comidas rapidas · almuerzos,4,almuerzos,0.31947793457933843
2,comidas · rapidas · comidas rapidas · almuerzos,5,desayunos,0.20261221077788216
2,comidas · rapidas · comidas rapidas · almuerzos,6,desayunos almuerzos,0.1701459364452254
2,comidas · rapidas · comidas rapidas · almuerzos,7,perros,0.13222489638459914
2,comidas · rapidas · comidas rapidas · almuerzos,8,hamburguesas,0.11517121633883558
2,comidas · rapidas · comidas rapidas · almuerzos,9,jugos,0.11326998903948461
2,comidas · rapidas · comidas rapidas · almuerzos,10,almuerzos comidas,0.11270364079301097
2,comidas · rapidas · comidas rapidas · almuerzos,11,bebidas,0.10328116626855482
2,comidas · rapidas · comidas rapidas · almuerzos,12,calientes,0.09150424525049645
3,todo · relacionado · todo relacionado · vendo,1,todo,1.2512703219232508
3,todo · relacionado · todo relacionado · vendo,2,relacionado,1.0046211344826304
3,todo · relacionado · todo relacionado · vendo,3,todo relacionado,1.0040711288451072
3,todo · relacionado · todo relacionado · vendo,4,vendo,0.192864519957211
3,todo · relacionado · todo relacionado · vendo,5,tipo,0.1927184770820304
3,todo · relacionado · todo relacionado · vendo,6,todo tipo,0.18742617675312837
3,todo · relacionado · todo relacionado · vendo,7,relacionado belleza,0.134207733280524
3,todo · relacionado · todo relacionado · vendo,8,belleza,0.1282679676151834
3,todo · relacionado · todo relacionado · vendo,9,canasta familiar,0.11814583140737527
3,todo · relacionado · todo relacionado · vendo,10,canasta,0.1169816226894711
3,todo · relacionado · todo relacionado · vendo,11,familiar,0.11492532791661812
3,todo · relacionado · todo relacionado · vendo,12,unas,0.10458483717187364
4,bar · bar licores · licores · cerveza,1,bar,1.1374145355766865
4,bar · bar licores · licores · cerveza,2,bar licores,1.0619214237535868
4,bar · bar licores · licores · cerveza,3,licores,1.0619214237535868
4,bar · bar licores · licores · cerveza,4,cerveza,0.33519181197912673
4,bar · bar licores · licores · cerveza,5,bebidas,0.24740853267533766
4,bar · bar licores · licores · cerveza,6,abarrotes,0.24253122648665648
4,bar · bar licores · licores · cerveza,7,viveres,0.23383363694392542
4,bar · bar licores · licores · cerveza,8,gaseosas,0.17843939938821696
4,bar · bar licores · licores · cerveza,9,cigarrillos,0.1409771680027418
4,bar · bar licores · licores · cerveza,10,cervezas,0.13191368907516515
4,bar · bar licores · licores · cerveza,11,venta bar,0.12120984956028744
4,bar · bar licores · licores · cerveza,12,jugos,0.10387511282802792
5,productos · belleza · aseo · productos aseo,1,productos,1.9047304124896742
5,productos · belleza · aseo · productos aseo,2,belleza,0.47746304958044905
5,productos · belleza · aseo · productos aseo,3,aseo,0.3530362142316623
5,productos · belleza · aseo · productos aseo,4,productos aseo,0.31234637960352973
5,productos · belleza · aseo · productos aseo,5,productos belleza,0.2743388393585304
5,productos · belleza · aseo · productos aseo,6,hogar,0.23070513277408733
5,productos · belleza · aseo · productos aseo,7,venta productos,0.19177717670035135
5,productos · belleza · aseo · productos aseo,8,cuidado,0.13993004414930854
5,productos · belleza · aseo · productos aseo,9,papeleria,0.1338534168806043
5,productos · belleza · aseo · productos aseo,10,naturales,0.13062974406007
5,productos · belleza · aseo · productos aseo,11,personal,0.1283492818945266
5,productos · belleza · aseo · productos aseo,12,maquillaje,0.12642796573130144
6,calzado · ropa calzado · dama · calzado dama,1,calzado,2.1845467329099257
6,calzado · ropa calzado · dama · calzado dama,2,ropa calzado,0.666742577741237
6,calzado · ropa calzado · dama · calzado dama,3,dama,0.16113295285860246
6,calzado · ropa calzado · dama · calzado dama,4,calzado dama,0.14285884005842367
6,calzado · ropa calzado · dama · calzado dama,5,accesorios,0.1389834076660195
6,calzado · ropa calzado · dama · calzado dama,6,venta calzado,0.10981338354066256
6,calzado · ropa calzado · dama · calzado dama,7,calzado ropa,0.10751334909162381
6,calzado · ropa calzado · dama · calzado dama,8,calzado accesorios,0.1006859917005833
6,calzado · ropa calzado · dama · calzado dama,9,fabrico,0.07474474817318427
6,calzado · ropa calzado · dama · calzado dama,10,infantil,0.0687243895371736
6,calzado · ropa calzado · dama · calzado dama,11,fabricacion,0.0684006434881752
6,calzado · ropa calzado · dama · calzado dama,12,soy,0.05313564612463656
